{"\u041b\u0435\u0433\u043a\u043e": 51.232903718948364, "\u0421\u0435\u0440\u0435\u0434\u043d\u044c\u043e": 126.06088304519653, "\u0421\u043a\u043b\u0430\u0434\u043d\u043e": null}